Book Id,Title,Author,Author l-f,Additional Authors,ISBN,ISBN13,My Rating,Average Rating,Publisher,Binding,Number of Pages,Year Published,Original Publication Year,Date Read,Date Added,Bookshelves,Bookshelves with positions,Exclusive Shelf,My Review,Spoiler,Private Notes,Read Count,Owned Copies
115929,The New American Bible,Anonymous,"Anonymous, Anonymous",United States Conference of Catholic Bishops,"=""0529064847""","=""9780529064844""",0,4.54,Catholic World Press/World Bible Publishers,Paperback,1394,1987,1899,,2024/11/10,to-read,to-read (#238),to-read,,,,0,0
205307264,Boom: Bubbles and the End of Stagnation,Byrne Hobart,"Hobart, Byrne",Tobias Huber,"=""1953953476""","=""9781953953476""",0,0.0,Stripe Press,Hardcover,304,2024,,,2024/11/09,to-read,to-read (#237),to-read,,,,0,0
52219273,"How Innovation Works: Serendipity, Energy and the Saving of Time",Matt Ridley,"Ridley, Matt",,"=""0062916599""","=""9780062916594""",0,4.11,Harper,Hardcover,416,2020,2020,,2024/09/07,"from-naval, currently-reading","from-naval (#2), currently-reading (#5)",currently-reading,,,,1,0
209234015,Build a Large Language Model (From Scratch),Sebastian Raschka,"Raschka, Sebastian",,"=""1633437167""","=""9781633437166""",0,4.65,Manning,Paperback,400,2025,,,2024/11/01,to-read,to-read (#236),to-read,,,,0,0
18106978,Homotopy Type Theory,The Univalent Foundations Program,"Program, The Univalent Foundations",,"=""""","=""""",0,4.49,The Univalent Foundations Program Institute for Advanced Study,ebook,618,2013,2013,,2024/10/27,to-read,to-read (#235),to-read,,,,0,0
345095,The Evolving Self: Problem and Process in Human Development,Robert Kegan,"Kegan, Robert",,"=""0674272315""","=""9780674272316""",4,4.23,Harvard University Press,Paperback,336,1982,1982,2024/10/27,2024/01/20,from-caseyc,from-caseyc (#1),read,,,,1,0
12352452,"Season of the Witch: Enchantment, Terror and Deliverance in the City of Love",David Talbot,"Talbot, David",,"=""1439108218""","=""9781439108215""",0,4.30,Free Press (NYC),Hardcover,453,2012,2012,,2024/10/19,to-read,to-read (#234),to-read,,,,0,0
18050143,"Zero to One: Notes on Startups, or How to Build the Future",Peter Thiel,"Thiel, Peter",Blake  Masters,"=""0804139296""","=""9780804139298""",0,4.15,Crown Currency,Hardcover,195,2014,2014,2024/10/09,2017/04/10,,,read,,,,1,0
6407599,Leverage Points: Places to Intervene in a System,Donella H. Meadows,"Meadows, Donella H.",,"=""""","=""""",0,4.69,The Sustainability Institute,pdf,21,1999,1999,,2024/10/07,to-read,to-read (#233),to-read,,,,0,0
192405005,Hypermedia Systems,Carson Gross,"Gross, Carson","Mike Amundsen, Adam Stepinski, Deniz Akşimşek, William Talcott","=""""","=""""",0,4.38,,Kindle Edition,548,2023,,,2024/09/21,to-read,to-read (#232),to-read,,,,0,0
11453188,The Upanishads (Easwaran's Classics of Indian Spirituality Book 2),Eknath Easwaran,"Easwaran, Eknath",Eknath Easwaran,"=""""","=""""",5,4.25,,Kindle Edition,339,,-500,2024/09/07,2024/04/21,from-pat-oshaugnessey,from-pat-oshaugnessey (#2),read,,,,1,0
174713,The Lessons of History,Will Durant,"Durant, Will",Ariel Durant,"=""1567310249""","=""9781567310245""",5,4.06,Fine Communications,Hardcover,119,1997,1968,2024/09/04,2024/01/20,from-caseyc,from-caseyc (#3),read,,,,1,0
24113,"Gödel, Escher, Bach: An Eternal Golden Braid",Douglas R. Hofstadter,"Hofstadter, Douglas R.",,"=""0465026567""","=""9780465026562""",0,4.29,Basic Books,Paperback,777,1999,1979,,2024/08/08,currently-reading,currently-reading (#4),currently-reading,,,,1,0
12187787,The Beginning of Infinity: Explanations That Transform the World,David Deutsch,"Deutsch, David",,"=""1101549823""","=""9781101549827""",0,4.18,Penguin Books,Kindle Edition,498,2011,2011,,2020/05/09,"to-read, naval-arjun","to-read (#222), naval-arjun (#2)",to-read,,,,1,0
230122,Counseling with Choice Theory,William Glasser,"Glasser, William",,"=""0060953667""","=""9780060953669""",0,4.04,Harper Perennial,Paperback,272,2001,2001,,2024/09/07,"to-read, naval-arjun","to-read (#231), naval-arjun (#1)",to-read,,,,0,0
34537901,The Fellowship of the River: A Medical Doctor's Exploration into Traditional Amazonian Plant Medicine,Joseph Tafur,"Tafur, Joseph",Gabor Maté,"=""0998609501""","=""9780998609508""",0,4.51,Joseph Tafur,Paperback,288,2017,,,2024/08/26,to-read,to-read (#230),to-read,,,,0,0
56019043,Beyond Order: 12 More Rules For Life,Jordan B. Peterson,"Peterson, Jordan B.",,"=""0593084640""","=""9780593084649""",0,4.17,Portfolio,Hardcover,382,2021,2021,,2021/06/22,to-read,to-read (#76),to-read,,,,0,0
18224060,The Concise 48 Laws of Power,Robert Greene,"Greene, Robert",,"=""""","=""""",4,4.12,Viva Books,Hardcover,195,2011,1998,2019/07/13,2017/04/29,,,read,,,,1,0
55145261,The Anthropocene Reviewed: Essays on a Human-Centered Planet,John Green,"Green, John",,"=""0525555218""","=""9780525555216""",0,4.36,Dutton,Hardcover,304,2021,2021,,2021/12/28,to-read,to-read (#87),to-read,,,,0,0
23463279,Designing Data-Intensive Applications,Martin Kleppmann,"Kleppmann, Martin",,"=""""","=""""",0,4.71,O'Reilly,ebook,562,,2015,,2024/05/22,"currently-reading, software","currently-reading (#3), software (#1)",currently-reading,,,,1,0
53343,On Writing Well: The Classic Guide to Writing Nonfiction,William Zinsser,"Zinsser, William",,"=""0060891548""","=""9780060891541""",0,4.24,Harper Perennial,Paperback,321,2006,1976,,2024/06/09,"currently-reading, writing","currently-reading (#2), writing (#1)",currently-reading,,,,1,0
154060,A Mathematician's Apology,G.H. Hardy,"Hardy, G.H.",,"=""0521427061""","=""9780521427067""",0,3.92,Fisicalbook,Paperback,153,1992,1940,,2024/07/24,to-read,to-read (#229),to-read,,,,0,0
24617,A Manual for Living (A Little Book of Wisdom),Epictetus,"Epictetus, Epictetus",,"=""0062511114""","=""9780062511119""",0,4.24,HarperOne,Paperback,96,1994,125,,2024/07/24,"to-read, from-james-clear","to-read (#228), from-james-clear (#1)",to-read,,,,0,0
662107,The Starship & the Canoe,Kenneth Brower,"Brower, Kenneth",,"=""0060910305""","=""9780060910303""",0,4.14,Harpercollins,Paperback,272,1983,1978,,2024/06/30,"to-read, from-ribbonfarm","to-read (#227), from-ribbonfarm (#4)",to-read,,,,1,0
35958896,"Astounding: John W. Campbell, Isaac Asimov, Robert A. Heinlein, L. Ron Hubbard, and the Golden Age of Science Fiction",Alec Nevala-Lee,"Nevala-Lee, Alec",,"=""0062571966""","=""9780062571960""",0,4.20,Dey Street Books,Kindle Edition,544,2018,2018,,2024/06/30,"to-read, from-ribbonfarm","to-read (#226), from-ribbonfarm (#3)",to-read,,,,0,0
34459,Metaphors We Live By,George Lakoff,"Lakoff, George",Mark Johnson,"=""0226468011""","=""9780226468013""",0,4.10,University of Chicago Press,Paperback,276,2003,1980,,2024/06/30,"to-read, from-ribbonfarm","to-read (#225), from-ribbonfarm (#2)",to-read,,,,0,0
20657434,The Hard Thing About Hard Things: Building a Business When There Are No Easy Answers,Ben Horowitz,"Horowitz, Ben",,"=""""","=""""",0,4.22,Harper Business,Kindle Edition,308,2014,2014,,2017/04/10,to-read,to-read (#224),to-read,,,,1,0
18693910,Barbarian Days: A Surfing Life,William Finnegan,"Finnegan, William",,"=""1594203474""","=""9781594203473""",0,4.27,Penguin Press,Hardcover,447,2015,2015,,2019/08/27,to-read,to-read (#223),to-read,,,,1,0
36645100,Inspired: How to Create Tech Products Customers Love (Silicon Valley Product Group),Marty Cagan,"Cagan, Marty",,"=""1119387566""","=""9781119387565""",0,4.24,Wiley,Kindle Edition,349,2017,2008,,2020/07/01,to-read,to-read (#221),to-read,,,,1,0
4069,Man’s Search for Meaning,Viktor E. Frankl,"Frankl, Viktor E.","Harold S. Kushner, William J. Winslade, Isle Lasch","=""080701429X""","=""9780807014295""",0,4.37,Beacon Press,Paperback,165,2006,1946,,2020/09/12,to-read,to-read (#220),to-read,,,,1,0
823754,"The Annotated Hobbit: The Hobbit, or, There and back again",J.R.R. Tolkien,"Tolkien, J.R.R.",Douglas A. Anderson,"=""""","=""""",0,4.29,Houghton Mifflin Company,Hardcover,399,1990,1937,,2020/09/25,to-read,to-read (#219),to-read,,,,1,0
41721428,Can't Hurt Me: Master Your Mind and Defy the Odds,David Goggins,"Goggins, David",,"=""1544512260""","=""""",0,4.31,Lioncrest Publishing,Kindle Edition,366,2018,2018,,2020/10/01,to-read,to-read (#218),to-read,,,,1,0
18685328,The Five Dysfunctions of a Team: A Leadership Fable,Patrick Lencioni,"Lencioni, Patrick",,"=""""","=""""",0,4.11,Jossey-Bass,Kindle Edition,242,2011,2002,2024/06/30,2021/04/17,,,read,,,,1,0
36849193,"How to Change Your Mind: What the New Science of Psychedelics Teaches Us About Consciousness, Dying, Addiction, Depression, and Transcendence",Michael Pollan,"Pollan, Michael",,"=""0525558942""","=""9780525558941""",0,4.27,Penguin Books,Kindle Edition,480,2018,2018,,2021/06/20,to-read,to-read (#217),to-read,,,,1,0
55338968,The Cold Start Problem: How to Start and Scale Network Effects,Andrew Chen,"Chen, Andrew",,"=""0062969749""","=""9780062969743""",0,4.19,Harper Business,Hardcover,386,2021,,,2022/02/03,to-read,to-read (#216),to-read,,,,1,0
37926707,The Mind is Flat: The Illusion of Mental Depth and The Improvised Mind,Nick Chater,"Chater, Nick",,"=""""","=""""",0,3.74,Penguin,Kindle Edition,220,2018,,,2022/02/16,to-read,to-read (#215),to-read,,,,1,0
34689843,Disciplined Entrepreneurship Workbook,Bill Aulet,"Aulet, Bill",,"=""""","=""""",0,4.37,Wiley,Kindle Edition,409,2017,,,2022/02/23,to-read,to-read (#214),to-read,,,,1,0
50752085,Complexity: The Emerging Science at the Edge of Order and Chaos,M. Mitchell Waldrop,"Waldrop, M. Mitchell",,"=""150405914X""","=""9781504059145""",0,4.05,Open Road Media,Kindle Edition,376,2019,1992,,2022/05/05,to-read,to-read (#213),to-read,,,,1,0
75314488,One from Many: VISA and the Rise of Chaordic Organization,Dee Hock,"Hock, Dee",,"=""""","=""""",0,4.12,,Kindle Edition,487,2022,2000,,2022/08/31,to-read,to-read (#212),to-read,,,,1,0
39349923,How to Be an Adult: A Handbook on Psychological and Spiritual Integration,David Richo,"Richo, David",,"=""""","=""""",0,4.38,Paulist Press™,Kindle Edition,132,1991,1991,,2023/06/19,"maggie-appleton, to-read","maggie-appleton (#1), to-read (#211)",to-read,,,,1,0
25942786,The Mind Illuminated: A Complete Meditation Guide Integrating Buddhist Wisdom and Brain Science,Culadasa (John Charles Yates),"Yates), Culadasa (John Charles","John Charles Yates, Matthew Immergut, Jeremy Graves","=""0990847705""","=""9780990847700""",0,4.25,Dharma Treasure Press,Paperback,504,2015,2015,,2023/10/26,to-read,to-read (#210),to-read,,,,1,0
42360533,Thinking in Systems: A Primer,Donella H. Meadows,"Meadows, Donella H.",,"=""""","=""""",4,4.20,Chelsea Green Publishing Company,Audiobook,,2018,2008,2024/06/29,2023/07/27,favorites,favorites (#4),read,,,,1,0
60965426,The Creative Act: A Way of Being,Rick Rubin,"Rubin, Rick",,"=""0593652886""","=""9780593652886""",4,4.03,Penguin Press,Hardcover,406,2023,2023,2023/07/01,2023/01/29,favorites,favorites (#3),read,,,,2,0
51174256,The Immortality Key: Uncovering the Secret History of the Religion with No Name,Brian C. Muraresku,"Muraresku, Brian C.",,"=""1250207142""","=""9781250207142""",5,4.25,St. Martin's Press,Hardcover,352,2020,2020,,2021/07/20,favorites,favorites (#2),read,,,,1,0
56082939,Wanting: The Power of Mimetic Desire in Everyday Life,Luke Burgis,"Burgis, Luke",,"=""1250262496""","=""9781250262493""",4,3.81,St. Martin's Press,Kindle Edition,282,2021,2021,2022/02/06,2021/12/27,favorites,favorites (#1),read,,,,1,0
156784,Permutation City,Greg Egan,"Egan, Greg",,"=""006105481X""","=""9780061054815""",0,4.06,HarperPrism,Mass Market Paperback,352,1995,1994,,2024/01/19,"from-pablo, to-read","from-pablo (#2), to-read (#209)",to-read,,,,1,0
41447687,Radicalized,Cory Doctorow,"Doctorow, Cory",,"=""1789541093""","=""9781789541090""",0,4.02,Head of Zeus,Hardcover,304,2019,2019,,2024/06/15,to-read,to-read (#208),to-read,,,,0,0
59575939,An Immense World: How Animal Senses Reveal the Hidden Realms Around Us,Ed Yong,"Yong, Ed",,"=""""","=""""",0,4.47,Random House,Hardcover,464,2022,2022,,2024/06/15,to-read,to-read (#207),to-read,,,,0,0
24885533,The Paper Menagerie and Other Stories,Ken Liu,"Liu, Ken",,"=""1481442546""","=""9781481442541""",0,4.36,Gallery / Saga Press,Hardcover,450,2016,2016,,2024/06/09,to-read,to-read (#206),to-read,,,,0,0
34507927,"How to Take Smart Notes: One Simple Technique to Boost Writing, Learning and Thinking – for Students, Academics and Nonfiction Book Writers",Sönke Ahrens,"Ahrens, Sönke",,"=""""","=""""",0,4.11,,Kindle Edition,178,2017,2017,,2024/06/09,to-read,to-read (#205),to-read,,,,0,0
585474,Writing to Learn: How to Write--And Think--Clearly about Any Subject at All,William Zinsser,"Zinsser, William",,"=""0062720406""","=""9780062720405""",0,3.85,Harper Perennial,Paperback,272,1993,1988,,2024/06/09,to-read,to-read (#204),to-read,,,,0,0
4808763,The Last Question,Isaac Asimov,"Asimov, Isaac","Bob E. Flick, Jim Gallant","=""1884214495""","=""9781884214493""",5,4.54,Ziggurat Productions,Audio CD,9,2007,1956,,2024/05/12,,,read,,,,1,0
98685,Genius: The Life and Science of Richard Feynman,James Gleick,"Gleick, James",,"=""0679747044""","=""9780679747048""",0,4.11,Vintage,Paperback,531,1993,,,2024/05/09,to-read,to-read (#203),to-read,,,,0,0
44595007,Indistractable: How to Control Your Attention and Choose Your Life,Nir   Eyal,"Eyal, Nir",Julie Li,"=""194883653X""","=""9781948836531""",4,3.75,BenBella Books,Hardcover,290,2019,2019,2024/05/05,2024/04/21,,,read,,,,1,0
155981,Psycho-Cybernetics: A New Way to Get More Living Out of Life,Maxwell Maltz,"Maltz, Maxwell",,"=""0671700758""","=""9780671700751""",0,4.25,Pocket,Mass Market Paperback,288,1989,1960,,2024/05/02,to-read,to-read (#202),to-read,,,,0,0
50776459,Shape Up: Stop Running in Circles and Ship Work that Matters,Ryan Singer,"Singer, Ryan",Jason Fried,"=""""","=""""",0,4.27,Basecamp,ebook,133,2019,2019,,2024/04/22,"currently-reading, product","currently-reading (#1), product (#1)",currently-reading,,,,1,0
760025,Positioning: The Battle for Your Mind,Al Ries,"Ries, Al","Jack Trout, Philip Kotler","=""0071373586""","=""9780071373586""",0,4.03,McGraw Hill,Paperback,224,2000,1980,,2024/04/21,"to-read, from-pat-oshaugnessey, marketing-sales","to-read (#201), from-pat-oshaugnessey (#13), marketing-sales (#1)",to-read,,,,0,0
583785,The Systems Bible: The Beginner's Guide to Systems Large and Small,John Gall,"Gall, John",,"=""0961825170""","=""9780961825171""",0,3.99,General Systemantics Pr,Paperback,316,2003,1977,,2024/04/21,"to-read, from-pat-oshaugnessey","to-read (#200), from-pat-oshaugnessey (#12)",to-read,,,,0,0
13586932,The Outsiders: Eight Unconventional CEOs and Their Radically Rational Blueprint for Success,William N. Thorndike Jr.,"Jr., William N. Thorndike",,"=""1422162672""","=""9781422162675""",0,4.22,Harvard Business Review Press,Hardcover,251,2012,2012,,2024/04/21,"from-pat-oshaugnessey, to-read","from-pat-oshaugnessey (#11), to-read (#199)",to-read,,,,0,0
10321016,"Pitch Anything: An Innovative Method for Presenting, Persuading, and Winning the Deal",Oren Klaff,"Klaff, Oren",,"=""0071752854""","=""9780071752855""",0,4.06,McGraw-Hill,Hardcover,240,2011,2011,,2024/04/21,"to-read, from-pat-oshaugnessey","to-read (#198), from-pat-oshaugnessey (#10)",to-read,,,,0,0
30556551,Nobody Wants to Read Your Sh*t: Why That Is And What You Can Do About It,Steven Pressfield,"Pressfield, Steven",Shawn Coyne,"=""1936891506""","=""9781936891504""",0,4.20,Black Irish Entertainment LLC,Kindle Edition,191,2016,2016,,2024/04/21,"to-read, from-pat-oshaugnessey","to-read (#197), from-pat-oshaugnessey (#9)",to-read,,,,0,0
31670196,"Scale: The Universal Laws of Growth, Innovation, Sustainability, and the Pace of Life in Organisms, Cities, Economies, and Companies",Geoffrey B. West,"West, Geoffrey B.",,"=""1594205582""","=""9781594205583""",0,4.12,Penguin Press,Hardcover,481,2017,2017,,2024/04/21,"to-read, from-pat-oshaugnessey","to-read (#196), from-pat-oshaugnessey (#8)",to-read,,,,0,0
32816087,7 Powers: The Foundations of Business Strategy,Hamilton Wright Helmer,"Helmer, Hamilton Wright",,"=""0998116319""","=""9780998116310""",0,4.29,Hamilton Helmer,Paperback,210,2016,,,2024/04/21,"to-read, from-pat-oshaugnessey","to-read (#195), from-pat-oshaugnessey (#7)",to-read,,,,0,0
139069,Endurance: Shackleton's Incredible Voyage,Alfred Lansing,"Lansing, Alfred",,"=""""","=""""",0,4.45,Carroll & Graf Publishers,Hardcover,282,1999,1959,,2024/04/21,to-read,to-read (#194),to-read,,,,0,0
67896,Tao Te Ching,Lao Tzu,"Tzu, Lao","Jacob Needleman, Brian Browne Walker, Jane English, James Legge, Toinette Lippe, Vladimir Antonov, Claudio Lamparelli, Gia-Fu Feng, Mikhail Nikolenko","=""0679724346""","=""9780679724346""",0,4.30,Vintage,Paperback,107,1989,-400,,2024/04/21,"to-read, from-pat-oshaugnessey","to-read (#193), from-pat-oshaugnessey (#6)",to-read,,,,0,0
12543,Bird by Bird,Anne Lamott,"Lamott, Anne",,"=""""","=""""",0,4.24,Anchor,Paperback,238,1995,1994,,2024/04/21,"to-read, from-pat-oshaugnessey","to-read (#192), from-pat-oshaugnessey (#5)",to-read,,,,0,0
17717,Labyrinths: Selected Stories & Other Writings,Jorge Luis Borges,"Borges, Jorge Luis","André Maurois, James E. Irby, Donald A. Yates","=""0811200124""","=""9780811200127""",0,4.45,New Directions,Paperback,260,1964,1962,,2024/04/21,"to-read, from-pat-oshaugnessey","to-read (#191), from-pat-oshaugnessey (#4)",to-read,,,,0,0
994560,The Path of Least Resistance: Learning to Become the Creative Force in Your Own Life,Robert Fritz,"Fritz, Robert",,"=""0449903370""","=""9780449903377""",0,4.07,Ballantine Books,Paperback,320,1989,1984,,2024/04/21,"to-read, from-pat-oshaugnessey","to-read (#190), from-pat-oshaugnessey (#3)",to-read,,,,0,0
62050269,"A Brief History of Intelligence: Evolution, AI, and the Five Breakthroughs That Made Our Brains",Max Solomon Bennett,"Bennett, Max Solomon",,"=""0063286343""","=""9780063286344""",0,4.45,Mariner Books,Hardcover,432,2023,,,2024/04/04,"to-read, from-geohot","to-read (#189), from-geohot (#1)",to-read,,,,0,0
955045,Against the Odds: An Autobiography,James Dyson,"Dyson, James",,"=""1587990148""","=""9781587990144""",0,4.29,Texere,Paperback,,2000,1997,,2024/04/04,to-read,to-read (#188),to-read,,,,0,0
56829,Hackers: Heroes of the Computer Revolution,Steven Levy,"Levy, Steven",,"=""0141000511""","=""9780141000510""",0,4.16,Penguin Books,Paperback,464,2001,1984,,2024/03/22,to-read,to-read (#187),to-read,,,,0,0
9530,Shadow Divers,Robert Kurson,"Kurson, Robert",,"=""""","=""""",0,4.35,Random House,Hardcover,335,2004,2004,,2024/03/17,"to-read, from-pat-oshaugnessey","to-read (#186), from-pat-oshaugnessey (#1)",to-read,,,,0,0
2122,The Fountainhead,Ayn Rand,"Rand, Ayn",Leonard Peikoff,"=""""","=""""",0,3.89,Signet Book,Mass Market Paperback,704,1996,1943,,2024/03/04,to-read,to-read (#185),to-read,,,,0,0
58794322,Fundraising,Ryan Breslow,"Breslow, Ryan",,"=""""","=""""",4,4.35,,Kindle Edition,60,2021,,,2024/01/17,,,read,,,,1,0
60551,The Book: On the Taboo Against Knowing Who You Are,Alan W. Watts,"Watts, Alan W.",,"=""0679723005""","=""9780679723004""",0,4.21,Vintage,Mass Market Paperback,163,1989,1966,,2024/01/21,"to-read, from-caseyc","to-read (#184), from-caseyc (#5)",to-read,,,,0,0
681941,The Moral Animal: Why We Are the Way We Are - The New Science of Evolutionary Psychology,Robert Wright,"Wright, Robert",,"=""0679763996""","=""9780679763994""",0,4.08,Vintage,Paperback,496,1995,1994,,2024/01/21,"to-read, from-caseyc","to-read (#183), from-caseyc (#4)",to-read,,,,0,0
43190966,Refactoring UI,Adam Wathan,"Wathan, Adam",Steve Schoger,"=""""","=""""",0,4.66,,ebook,252,2018,,,2024/01/21,to-read,to-read (#182),to-read,,,,0,0
5625477,Biocentrism: How Life and Consciousness Are the Keys to Understanding the True Nature of the Universe,Robert Lanza,"Lanza, Robert",Bob Berman,"=""1933771690""","=""9781933771694""",0,3.94,BenBella Books,Hardcover,223,2009,2009,,2024/01/20,"to-read, from-caseyc","to-read (#181), from-caseyc (#2)",to-read,,,,0,0
64341,The Metamorphosis of Prime Intellect,Roger    Williams,"Williams, Roger",,"=""1411602196""","=""9781411602199""",0,4.11,Lulu.com,Paperback,175,2003,2006,,2024/01/19,"to-read, from-pablo","to-read (#180), from-pablo (#3)",to-read,,,,0,0
17863,Accelerando,Charles Stross,"Stross, Charles",,"=""0441014151""","=""9780441014156""",0,3.87,Ace,Mass Market Paperback,415,2006,2005,,2024/01/19,"to-read, from-pablo","to-read (#179), from-pablo (#1)",to-read,,,,0,0
200179688,"The Anthology of Balaji: A Guide to Technology, Truth, and Building the Future",Eric Jorgenson,"Jorgenson, Eric",Balaji Srinivasan,"=""1544542909""","=""9781544542904""",4,4.22,Smart Friends Publishing,Kindle Edition,273,2023,,,2024/01/13,,,read,,,,1,0
7234685,Understand,Ted Chiang,"Chiang, Ted",,"=""""","=""""",0,4.14,BBC Radio 7,Audiobook,46,2006,,,2024/01/11,"to-read, from-naval","to-read (#178), from-naval (#1)",to-read,,,,0,0
37638098,Creative Selection: Inside Apple's Design Process During the Golden Age of Steve Jobs,Ken Kocienda,"Kocienda, Ken",,"=""1250194466""","=""9781250194466""",0,4.06,St. Martin's Press,Hardcover,264,2018,2018,,2023/12/17,"to-read, from-geoffrey-litt","to-read (#177), from-geoffrey-litt (#3)",to-read,,,,0,0
11300085,An Everlasting Meal: Cooking with Economy and Grace,Tamar Adler,"Adler, Tamar",Alice Waters,"=""143918187X""","=""9781439181874""",0,4.19,Scribner,Hardcover,272,2011,2011,,2023/12/17,"to-read, from-geoffrey-litt","to-read (#176), from-geoffrey-litt (#2)",to-read,,,,0,0
8884400,The Most Human Human: What Talking with Computers Teaches Us About What It Means to Be Alive,Brian Christian,"Christian, Brian",,"=""0385533063""","=""9780385533065""",0,3.94,Knopf Doubleday Publishing Group,Hardcover,303,2011,2011,,2023/12/17,"to-read, from-geoffrey-litt","to-read (#175), from-geoffrey-litt (#1)",to-read,,,,0,0
48691943,The Great CEO Within: The Tactical Guide to Company Building,Matt Mochary,"Mochary, Matt",,"=""0578599295""","=""9780578599298""",0,4.35,Mochary Films,Kindle Edition,200,2019,,,2023/12/11,"to-read, from-balaji","to-read (#174), from-balaji (#2)",to-read,,,,0,0
42036377,Where Is My Flying Car?: A Memoir of Future Past,J. Storrs Hall,"Hall, J. Storrs",,"=""""","=""""",0,4.08,,Kindle Edition,609,2018,,,2023/12/11,"to-read, from-balaji","to-read (#173), from-balaji (#1)",to-read,,,,0,0
59808603,The Mountain in the Sea,Ray Nayler,"Nayler, Ray",,"=""0374605955""","=""9780374605957""",0,3.92,MCD,Hardcover,456,2022,2022,,2023/12/07,to-read,to-read (#172),to-read,,,,0,0
59456366,The Geek Way: The Radical Mindset that Drives Extraordinary Results,Andrew McAfee,"McAfee, Andrew",,"=""0316436704""","=""9780316436700""",0,3.96,"Little, Brown and Company",Hardcover,336,2023,,,2023/12/03,to-read,to-read (#171),to-read,,,,0,0
144405196,"The Worlds I See: Curiosity, Exploration, and Discovery at the Dawn of AI",Fei-Fei Li,"Li, Fei-Fei",,"=""""","=""""",0,4.38,Flatiron Books: A Moment of Lift Book,Hardcover,336,2023,2023,,2023/11/07,to-read,to-read (#170),to-read,,,,0,0
94318,Awareness: The Perils and Opportunities of Reality,Anthony de Mello,"Mello, Anthony de",J. Francis Stroud,"=""0385249373""","=""9780385249379""",0,4.29,Image,Paperback,184,1992,1990,,2023/11/02,to-read,to-read (#169),to-read,,,,0,0
38398157,Blitzscaling: The Lightning-Fast Path to Building Massively Valuable Companies,Reid Hoffman,"Hoffman, Reid","Chris Yeh, Bill Gates","=""1524761419""","=""9781524761417""",0,3.96,Crown Currency,Hardcover,336,2018,2018,,2023/10/26,"to-read, from-sama","to-read (#168), from-sama (#1)",to-read,,,,0,0
20821042,80/20 Running: Run Stronger and Race Faster By Training Slower,Matt Fitzgerald,"Fitzgerald, Matt",Robert Johnson,"=""0451470885""","=""9780451470881""",4,3.94,Berkley,Paperback,272,2014,2014,,2023/10/26,,,read,,,,0,0
13186972,Overcoming Gravity,Steven Low,"Low, Steven","Chris Salvato, K.C. Parsons, Valentin Uzunov","=""1467933120""","=""9781467933124""",4,4.46,Createspace,Paperback,542,2011,2011,,2023/10/26,,,read,,,,0,0
25135194,Prisoners of Geography: Ten Maps That Tell You Everything You Need to Know About Global Politics,Tim  Marshall,"Marshall, Tim",,"=""1783961414""","=""9781783961412""",0,4.20,Elliott & Thompson,Hardcover,256,2015,2015,,2023/10/26,"to-read, from-jared-kushner-geopolitics","to-read (#167), from-jared-kushner-geopolitics (#1)",to-read,,,,0,0
42940498,"Limitless Mind: Learn, Lead, and Live Without Barriers",Jo Boaler,"Boaler, Jo",,"=""0062851772""","=""9780062851772""",0,4.11,HarperOne,Kindle Edition,247,2019,2019,,2023/10/13,to-read,to-read (#166),to-read,,,,0,0
40277241,Brief Answers to the Big Questions,Stephen Hawking,"Hawking, Stephen",,"=""1984819194""","=""9781984819192""",0,4.27,Bantam,Hardcover,256,2018,2018,,2023/10/06,to-read,to-read (#165),to-read,,,,0,0
25416321,"Actionable Gamification: Beyond Points, Badges, and Leaderboards",Yu-kai Chou,"Chou, Yu-kai",,"=""""","=""""",0,4.14,Octalysis Media,Kindle Edition,513,2015,2015,,2023/10/06,to-read,to-read (#164),to-read,,,,0,0
90590134,"The Coming Wave: Technology, Power, and the Twenty-first Century's Greatest Dilemma",Mustafa Suleyman,"Suleyman, Mustafa",Michael Bhaskar,"=""0593593952""","=""9780593593950""",0,3.86,Crown,Hardcover,332,2023,2023,,2023/09/06,to-read,to-read (#163),to-read,,,,0,0
52036,Siddhartha,Hermann Hesse,"Hesse, Hermann","Hilda Rosner, Zigmantas Ardickas","=""""","=""""",5,4.07,Bantam Books,Mass Market Paperback,152,1981,1922,2023/07/01,2020/05/02,,,read,,,,1,0
62069739,When We Cease to Understand the World,Benjamín Labatut,"Labatut, Benjamín",Adrian Nathan West,"=""""","=""""",0,4.13,New York Review Books,Kindle Edition,193,2022,2020,,2023/08/15,"to-read, from-maggie-appleton","to-read (#162), from-maggie-appleton (#1)",to-read,,,,0,0
189989,Finite and Infinite Games: A Vision of Life as Play and Possibility,James P. Carse,"Carse, James P.",,"=""0345341848""","=""9780345341846""",0,3.76,Ballantine,Mass Market Paperback,180,1987,1986,,2023/07/28,to-read,to-read (#161),to-read,,,,0,0
25666050,Algorithms to Live By: The Computer Science of Human Decisions,Brian Christian,"Christian, Brian",Tom  Griffiths,"=""1627790365""","=""9781627790369""",0,4.13,Henry Holt and Co.,Hardcover,368,2016,2016,,2023/07/19,to-read,to-read (#160),to-read,,,,0,0
60509,Technological Revolutions and Financial Capital: The Dynamics of Bubbles and Golden Ages,Carlota Pérez,"Pérez, Carlota",,"=""1843763311""","=""9781843763314""",0,4.32,Edward Elgar Publishing,Paperback,224,2003,2002,,2023/07/16,"to-read, from-ribbonfarm","to-read (#159), from-ribbonfarm (#1)",to-read,,,,0,0
54976983,Finding the Mother Tree: Discovering the Wisdom of the Forest,Suzanne Simard,"Simard, Suzanne",,"=""052565609X""","=""9780525656098""",0,4.22,Knopf,Hardcover,348,2021,2021,,2023/07/10,"to-read, rec-jp","to-read (#158), rec-jp (#1)",to-read,,,,0,0
18775058,Free+Style: Maximize Sport and Life Performance with Four Basic Movements,Carl Paoli,"Paoli, Carl",Anthony Sherbondy,"=""1628600209""","=""9781628600209""",0,4.21,Victory Belt Publishing,Hardcover,432,2014,2014,2015/01/01,2014/08/04,,,read,,,,2,0
3228917,Outliers: The Story of Success,Malcolm Gladwell,"Gladwell, Malcolm",,"=""0316017922""","=""9780316017923""",0,4.19,"Little, Brown and Company",Hardcover,309,2008,2008,2015/01/01,2014/05/23,,,read,,,,1,0
58092347,The Hitchiker's Guide to the Galaxy,Douglas Adams,"Adams, Douglas",,"=""""","=""""",0,4.23,,,,,1979,2015/01/01,2023/07/09,,,read,,,,1,0
36072,The 7 Habits of Highly Effective People: Powerful Lessons in Personal Change,Stephen R. Covey,"Covey, Stephen R.",Jim Collins,"=""0743269519""","=""9780743269513""",0,4.16,Free Press,Paperback,372,2004,1989,,2023/07/08,to-read,to-read (#157),to-read,,,,0,0
21,A Short History of Nearly Everything,Bill Bryson,"Bryson, Bill",,"=""076790818X""","=""9780767908184""",0,4.22,Crown,Paperback,544,2004,2003,,2023/07/06,to-read,to-read (#156),to-read,,,,0,0
37903770,Norse Mythology,Neil Gaiman,"Gaiman, Neil",,"=""""","=""""",0,4.10,W. W. Norton & Company,Paperback,301,2018,2017,,2023/07/06,to-read,to-read (#155),to-read,,,,0,0
186074,"The Name of the Wind (The Kingkiller Chronicle, #1)",Patrick Rothfuss,"Rothfuss, Patrick",,"=""075640407X""","=""9780756404079""",0,4.52,Penguin Group DAW,Hardcover,662,2007,2007,,2023/07/06,to-read,to-read (#154),to-read,,,,0,0
41160292,Exhalation,Ted Chiang,"Chiang, Ted",,"=""""","=""""",0,4.27,Knopf,Kindle Edition,368,2019,2019,,2023/07/03,"to-read, ai, sci-fi","to-read (#153), ai (#4), sci-fi (#2)",to-read,,,,0,0
4887,The Drama of the Gifted Child: The Search for the True Self,Alice   Miller,"Miller, Alice",,"=""0465016901""","=""9780465016907""",0,4.05,Basic Books,Paperback,136,1997,1979,,2023/07/02,to-read,to-read (#152),to-read,,,,0,0
60643059,The Network State: How To Start a New Country,Balaji S. Srinivasan,"Srinivasan, Balaji S.",,"=""""","=""""",0,4.00,Amazon Kindle,Kindle Edition,262,2022,,,2023/07/02,to-read,to-read (#151),to-read,,,,0,0
51660,Food of the Gods: The Search for the Original Tree of Knowledge,Terence McKenna,"McKenna, Terence",,"=""0553371304""","=""9780553371307""",0,4.12,Bantam Books (NY et al.),Paperback,311,1993,1992,,2023/07/02,to-read,to-read (#150),to-read,,,,0,0
26570149,Brain and Behavior: A Cognitive Neuroscience Perspective,David Eagleman,"Eagleman, David",Jonathan Downar,"=""0195377680""","=""9780195377682""",0,4.26,Oxford University Press,Hardcover,688,2015,2015,,2023/07/01,"to-read, agi-house-hackathon","to-read (#149), agi-house-hackathon (#1)",to-read,,,,0,0
45776,Feynman's Rainbow: A Search for Beauty in Physics and in Life,Leonard Mlodinow,"Mlodinow, Leonard",,"=""0446692514""","=""9780446692519""",0,4.04,Grand Central Publishing,Paperback,192,2004,2005,,2023/06/25,to-read,to-read (#148),to-read,,,,0,0
27833670,Dark Matter,Blake Crouch,"Crouch, Blake",,"=""1101904224""","=""9781101904220""",4,4.14,Ballantine Books,Hardcover,342,2016,2016,,2023/02/03,"multiverse, sci-fi","multiverse (#1), sci-fi (#1)",read,,,,1,0
79388,Home Comforts: The Art and Science of Keeping House,Cheryl Mendelson,"Mendelson, Cheryl",Harry   Bates,"=""0743272862""","=""9780743272865""",0,4.16,Scribner,Paperback,896,2005,1999,,2023/06/06,"to-read, housekeeping","to-read (#147), housekeeping (#1)",to-read,,,,0,0
102146148,What's Our Problem?: A Self-Help Book for Societies,Tim Urban,"Urban, Tim",,"=""""","=""9798987722602""",0,4.27,Wait But Why,Kindle Edition,746,2023,2023,,2023/06/03,to-read,to-read (#146),to-read,,,,0,0
60690713,"Unstoppable Us, Volume 1: How Humans Took Over the World",Yuval Noah Harari,"Harari, Yuval Noah",Ricard Zaplana Ruiz,"=""0593643461""","=""9780593643464""",0,4.25,Bright Matter Books ,Hardcover,208,2022,2022,,2023/06/03,to-read,to-read (#145),to-read,,,,0,0
62313346,Excellent Advice for Living: Wisdom I Wish I'd Known Earlier,Kevin Kelly,"Kelly, Kevin",,"=""0593654528""","=""9780593654521""",0,4.23,Viking,Hardcover,224,2023,,,2023/05/22,"to-read, ryan-holiday","to-read (#144), ryan-holiday (#1)",to-read,,,,0,0
68540,The Fall of Rome and the End of Civilization,Bryan Ward-Perkins,"Ward-Perkins, Bryan",,"=""0192807285""","=""9780192807281""",0,4.00,Oxford University Press,Paperback,239,2006,2005,,2023/04/26,"to-read, safeguarding-the-future, rebuilding-civilizations","to-read (#143), safeguarding-the-future (#5), rebuilding-civilizations (#1)",to-read,,,,0,0
56097578,"God, Human, Animal, Machine: Technology, Metaphor, and the Search for Meaning",Meghan O'Gieblyn,"O'Gieblyn, Meghan",,"=""""","=""""",0,4.26,Random House Audio,Audible Audio,,2021,2021,,2023/04/25,"to-read, ai, post-sci-fi, safeguarding-the-future","to-read (#142), ai (#3), post-sci-fi (#3), safeguarding-the-future (#4)",to-read,,,,0,0
23995360,Superforecasting: The Art and Science of Prediction,Philip E. Tetlock,"Tetlock, Philip E.",Dan Gardner,"=""0804136696""","=""9780804136693""",0,4.08,Crown,Hardcover,352,2015,2015,,2023/04/20,"to-read, safeguarding-the-future","to-read (#141), safeguarding-the-future (#3)",to-read,,,,0,0
156785,Diaspora,Greg Egan,"Egan, Greg",,"=""3453161815""","=""9783453161818""",0,4.11,Heyne,Paperback,443,2000,1997,,2023/04/18,"to-read, post-sci-fi, ai, safeguarding-the-future","to-read (#140), post-sci-fi (#2), ai (#2), safeguarding-the-future (#6)",to-read,,,,0,0
28678856,"Crystal Society (Crystal Trilogy, #1)",Max Harms,"Harms, Max",,"=""""","=""""",0,4.12,,Kindle Edition,559,2016,2017,,2023/04/10,"to-read, ai, tw-loopuleasa, post-sci-fi","to-read (#139), ai (#1), tw-loopuleasa (#1), post-sci-fi (#1)",to-read,,,,0,0
152435,"Steps to an Ecology of Mind: Collected Essays in Anthropology, Psychiatry, Evolution, and Epistemology",Gregory Bateson,"Bateson, Gregory",,"=""0226039056""","=""9780226039053""",0,4.26,University of Chicago Press,Paperback,533,2000,1972,,2023/04/10,"to-read, hds-3182","to-read (#138), hds-3182 (#4)",to-read,,,,0,0
32445648,Baffled by Love: Stories of the Lasting Impact of Childhood Trauma Inflicted by Loved Ones,Laurie  Kahn,"Kahn, Laurie",,"=""1631522264""","=""9781631522260""",0,4.50,She Writes Press,Paperback,272,2017,,,2023/03/20,"to-read, hds-3182","to-read (#137), hds-3182 (#3)",to-read,,,,0,0
6094237,Hindu Psychology: Its Meaning for the West,Akhilananda,"Akhilananda, Akhilananda",Gordon W. Allport,"=""0415211107""","=""9780415211109""",4,3.25,Routledge,Hardcover,262,1999,1946,,2023/03/19,hds-3182,hds-3182 (#2),read,,,,1,0
51710349,The WEIRDest People in the World: How the West Became Psychologically Peculiar and Particularly Prosperous,Joseph Henrich,"Henrich, Joseph",,"=""0374710457""","=""9780374710453""",0,4.12,"Farrar, Straus and Giroux",Kindle Edition,706,2020,2020,,2023/02/06,"to-read, hds-3182","to-read (#129), hds-3182 (#1)",to-read,,,,0,0
54140556,Working in Public: The Making and Maintenance of Open Source Software,Nadia Eghbal,"Eghbal, Nadia",,"=""0578675862""","=""9780578675862""",0,3.94,Stripe Press,Hardcover,252,2020,2020,,2023/02/21,"to-read, crypto-from-linda-xie","to-read (#131), crypto-from-linda-xie (#5)",to-read,,,,0,0
49766350,Get Together: How to build a community with your people,Bailey  Richardson,"Richardson, Bailey","Kai Elmer Sotto, Kevin  Huynh","=""1953953328""","=""9781953953322""",0,3.76,Stripe Press,Kindle Edition,193,2019,,,2023/02/21,"to-read, crypto-from-linda-xie","to-read (#132), crypto-from-linda-xie (#4)",to-read,,,,0,0
984428,Crypto: How the Code Rebels Beat the Government—Saving Privacy in the Digital Age,Steven Levy,"Levy, Steven",,"=""0140244328""","=""9780140244328""",0,4.04,Penguin Publishing Group,Paperback,368,2002,2001,,2023/02/21,"to-read, crypto-from-linda-xie","to-read (#133), crypto-from-linda-xie (#3)",to-read,,,,0,0
38212134,How the Internet Happened: From Netscape to the iPhone,Brian  McCullough,"McCullough, Brian",,"=""1631493078""","=""9781631493072""",0,4.27,Liveright,Hardcover,384,2018,2018,,2023/02/21,"to-read, crypto-from-linda-xie","to-read (#134), crypto-from-linda-xie (#2)",to-read,,,,0,0
18699243,Virtual Economies: Design and Analysis (Information Policy),Vili  Lehdonvirta,"Lehdonvirta, Vili",Edward Castronova,"=""0262027259""","=""9780262027250""",0,4.35,The MIT Press,Hardcover,294,2014,2014,,2023/02/21,"to-read, crypto-from-linda-xie","to-read (#135), crypto-from-linda-xie (#1)",to-read,,,,0,0
26345891,The 6th Extinction: An Unnatural History,Elizabeth Kolbert,"Kolbert, Elizabeth",,"=""1680650351""","=""9781680650358""",0,4.15,Turtleback Books,Paperback,336,2015,2014,,2023/02/09,"to-read, safeguarding-the-future","to-read (#130), safeguarding-the-future (#2)",to-read,,,,0,0
31951505,"The Great Leveler: Violence and the History of Inequality from the Stone Age to the Twenty-First Century (The Princeton Economic History of the Western World, 74)",Walter Scheidel,"Scheidel, Walter",,"=""0691165025""","=""9780691165028""",0,3.81,Princeton University Press,Hardcover,528,2017,2017,,2023/03/09,"to-read, safeguarding-the-future","to-read (#136), safeguarding-the-future (#1)",to-read,,,,0,0
13099738,Steal Like an Artist: 10 Things Nobody Told You About Being Creative,Austin Kleon,"Kleon, Austin",,"=""0761169253""","=""9780761169253""",4,3.96,Workman Publishing Company,Paperback,160,2012,2012,,2021/05/02,,,read,,,,1,0
54493401,Project Hail Mary,Andy Weir,"Weir, Andy",,"=""0593135202""","=""9780593135204""",5,4.51,Ballantine Books,Hardcover,476,2021,2021,2023/02/23,2022/07/04,,,read,,,,1,0
51778153,Livewired: The Inside Story of the Ever-Changing Brain,David Eagleman,"Eagleman, David",,"=""030790749X""","=""9780307907493""",0,4.17,Pantheon Books,Hardcover,352,2020,2014,,2023/01/30,to-read,to-read (#128),to-read,,,,0,0
60151185,The Pathless Path: Imagining a New Story For Work and Life,Paul  Millerd,"Millerd, Paul",,"=""""","=""9798985515343""",0,4.00,Pathless Publishing,Kindle Edition,222,2022,2022,,2023/01/28,to-read,to-read (#127),to-read,,,,0,0
55051661,"Genius Makers: The Mavericks Who Brought AI to Google, Facebook, and the World",Cade Metz,"Metz, Cade",,"=""1524742686""","=""9781524742683""",3,4.27,Dutton,ebook,360,2021,,2023/01/22,2022/12/24,,,read,,,,1,0
58784475,"Tomorrow, and Tomorrow, and Tomorrow",Gabrielle Zevin,"Zevin, Gabrielle",,"=""0735243344""","=""9780735243347""",0,4.15,Knopf,Hardcover,401,2022,2022,,2023/01/18,"to-read, gates-summer-reads","to-read (#126), gates-summer-reads (#1)",to-read,,,,0,0
18693771,"The Body Keeps the Score: Brain, Mind, and Body in the Healing of Trauma",Bessel van der Kolk,"Kolk, Bessel van der",,"=""0670785938""","=""9780670785933""",0,4.39,Viking,Hardcover,464,2014,2014,,2023/01/15,to-read,to-read (#125),to-read,,,,0,0
58009109,The Power Law: Venture Capital and the Making of the New Future,Sebastian Mallaby,"Mallaby, Sebastian",,"=""052555999X""","=""9780525559993""",0,4.43,Penguin Press,Hardcover,496,2022,2022,,2022/12/29,to-read,to-read (#124),to-read,,,,0,0
337517,Things Hidden Since the Foundation of the World,René Girard,"Girard, René","Stephen Bann, Michael Metteer","=""0804722153""","=""9780804722155""",0,4.25,Stanford University Press,Paperback,470,1987,1978,,2022/12/25,to-read,to-read (#123),to-read,,,,0,0
20527133,"Superintelligence: Paths, Dangers, Strategies",Nick Bostrom,"Bostrom, Nick",,"=""0199678111""","=""9780199678112""",0,3.86,Oxford University Press,Hardcover,352,2014,2014,,2022/12/24,to-read,to-read (#122),to-read,,,,0,0
1751047,A Piece of the Action: How the Middle Class Joined the Money Class,Joe Nocera,"Nocera, Joe",,"=""0684804352""","=""9780684804354""",0,4.36,Touchstone,Paperback,464,1995,1994,,2022/12/20,to-read,to-read (#121),to-read,,,,0,0
4119,"The Great Good Place: Cafés, Coffee Shops, Bookstores, Bars, Hair Salons and Other Hangouts at the Heart of a Community",Ray Oldenburg,"Oldenburg, Ray",,"=""1569246815""","=""9781569246818""",0,3.84,Da Capo Press,Paperback,384,1999,1989,,2022/12/17,to-read,to-read (#120),to-read,,,,0,0
6373455,The Wayfinders: Why Ancient Wisdom Matters in the Modern World (CBC Massey Lecture),Wade Davis,"Davis, Wade",,"=""0887847668""","=""9780887847660""",0,4.23,House of Anansi Press,Paperback,262,2009,2009,,2022/12/05,to-read,to-read (#119),to-read,,,,0,0
2714607,The Ascent of Money: A Financial History of the World,Niall Ferguson,"Ferguson, Niall",,"=""1594201927""","=""9781594201929""",0,3.90,Penguin Press,Hardcover,442,2008,2007,,2022/11/13,to-read,to-read (#118),to-read,,,,0,0
49785708,Four Thousand Weeks: Time and How to Use It,Oliver Burkeman,"Burkeman, Oliver",,"=""""","=""""",4,4.21,Vintage Digital,Kindle Edition,273,2021,2021,2022/11/13,2021/12/28,,,read,,,,1,0
57570,All You Need To Know About the Music Business: 6th Edition,Donald S. Passman,"Passman, Donald S.",Randy Glass,"=""0743293185""","=""9780743293181""",0,4.29,Free Press,Hardcover,464,2006,2013,,2022/11/11,to-read,to-read (#117),to-read,,,,0,0
36233254,Ashtavakra Gita: The Ultimate Solace,Harsha Yardi,"Yardi, Harsha",,"=""1370865139""","=""9781370865130""",0,4.32,Harsha,ebook,,2017,,,2022/11/07,to-read,to-read (#116),to-read,,,,0,0
1938237,Vasistha's Yoga,Venkatesananda,"Venkatesananda, Venkatesananda",,"=""0791413640""","=""9780791413647""",0,4.67,SUNY Press,Paperback,767,1993,1993,,2022/11/07,to-read,to-read (#115),to-read,,,,0,0
299869,I Am That: Talks with Sri Nisargadatta Maharaj,Nisargadatta Maharaj,"Maharaj, Nisargadatta","Maurice Frydman, Sudhaker S. Dikshit","=""0893860220""","=""9780893860226""",0,4.42,The Acorn Press,Paperback,550,1988,1973,,2022/11/07,to-read,to-read (#114),to-read,,,,0,0
58085215,Reality+: Virtual Worlds and the Problems of Philosophy,David J. Chalmers,"Chalmers, David J.",,"=""0393635805""","=""9780393635805""",0,3.73,W. W. Norton & Company,Hardcover,544,2022,2022,,2022/11/03,to-read,to-read (#113),to-read,,,,0,0
41817484,The Case Against Reality: Why Evolution Hid the Truth from Our Eyes,Donald D. Hoffman,"Hoffman, Donald D.",,"=""0393254690""","=""9780393254693""",0,3.86,W. W. Norton & Company,Hardcover,272,2019,,,2022/11/03,to-read,to-read (#112),to-read,,,,0,0
59892281,Proof of Stake: The Making of Ethereum and the Philosophy of Blockchains,Vitalik Buterin,"Buterin, Vitalik",Nathan Schneider,"=""164421248X""","=""9781644212486""",0,3.67,Seven Stories Press,Paperback,384,2022,,,2022/09/29,to-read,to-read (#111),to-read,,,,0,0
947061,Mapping the Mind,Rita Carter,"Carter, Rita",,"=""0520224612""","=""9780520224612""",0,4.10,University of California Press,Paperback,224,1999,1998,,2022/09/20,to-read,to-read (#110),to-read,,,,0,0
56753443,"Impact Networks: Create Connection, Spark Collaboration, and Catalyze Systemic Change",David Ehrlichman,"Ehrlichman, David",,"=""1523091681""","=""9781523091683""",0,4.20,Berrett-Koehler Publishers,Paperback,264,2021,,,2022/09/13,to-read,to-read (#109),to-read,,,,0,0
59064518,The Metaverse: And How It Will Revolutionize Everything,Matthew L. Ball,"Ball, Matthew L.",,"=""1324092033""","=""9781324092032""",0,3.81,Liveright,Hardcover,352,2022,,,2022/07/27,to-read,to-read (#108),to-read,,,,0,0
13589182,Mastery,Robert Greene,"Greene, Robert",,"=""0670024961""","=""9780670024964""",0,4.26,Viking,Hardcover,318,2012,2012,,2022/07/17,to-read,to-read (#107),to-read,,,,0,0
87436,The Hedgehog and the Fox: An Essay on Tolstoy's View of History,Isaiah Berlin,"Berlin, Isaiah",,"=""1566630193""","=""9781566630191""",0,4.04,"Ivan R. Dee, Publisher",Paperback,95,1993,1953,,2022/07/06,to-read,to-read (#106),to-read,,,,0,0
25899336,When Breath Becomes Air,Paul Kalanithi,"Kalanithi, Paul",Abraham   Verghese,"=""0812988418""","=""9780812988413""",0,4.40,Random House,Kindle Edition,208,2016,2016,,2022/07/06,to-read,to-read (#105),to-read,,,,0,0
8567383,When Money Dies: The Nightmare of the Weimar Hyper-inflation,fergusson-adam,"fergusson-adam, fergusson-adam",,"=""1906964440""","=""9781906964443""",0,3.78,,Paperback,288,2010,1975,,2022/06/20,to-read,to-read (#104),to-read,,,,0,0
50998056,The Ministry for the Future,Kim Stanley Robinson,"Robinson, Kim Stanley",,"=""0316300136""","=""9780316300131""",0,3.88,Orbit,Hardcover,563,2020,2020,,2022/06/07,to-read,to-read (#103),to-read,,,,0,0
58188742,How to Live: 27 conflicting answers and one weird conclusion,Derek Sivers,"Sivers, Derek",,"=""""","=""""",0,4.22,Hit Media,Hardcover,115,2021,2021,,2022/05/01,to-read,to-read (#102),to-read,,,,0,0
11289729,"Sacred Economics: Money, Gift, and Society in the Age of Transition",Charles Eisenstein,"Eisenstein, Charles",,"=""1583943978""","=""9781583943977""",0,4.23,North Atlantic Books,Paperback,469,2011,2011,,2022/04/27,to-read,to-read (#101),to-read,,,,0,0
40651883,Snow Crash,Neal Stephenson,"Stephenson, Neal",,"=""""","=""""",0,4.02,Spectra,Kindle Edition,559,2018,1992,,2022/04/24,to-read,to-read (#100),to-read,,,,0,0
59384136,Zero to IPO: Over $1 Trillion Worth of Advice from the World's Most Successful Entrepreneurs,Frederic Kerrest,"Kerrest, Frederic",,"=""1264277679""","=""9781264277674""",0,4.10,McGraw Hill,Kindle Edition,408,2022,2022,,2022/04/24,to-read,to-read (#99),to-read,,,,0,0
20186,Seeing Like a State: How Certain Schemes to Improve the Human Condition Have Failed,James C. Scott,"Scott, James C.",,"=""0300078153""","=""9780300078152""",0,4.21,Yale University Press,Paperback,461,1999,1998,,2022/04/07,"to-read, from-ribbonfarm","to-read (#98), from-ribbonfarm (#5)",to-read,,,,0,0
2930212,Evolution and Conversion: Dialogues on the Origins of Culture,René Girard,"Girard, René",Pierpaolo Antonello,"=""0567032523""","=""9780567032522""",0,4.10,Continuum,Paperback,296,2011,2003,,2022/04/06,to-read,to-read (#97),to-read,,,,0,0
18444337,"When These Things Begin: Conversations with Michel Treguer (Studies in Violence, Mimesis & Culture)",René Girard,"Girard, René",,"=""1611861101""","=""9781611861105""",0,4.47,Michigan State University Press,Paperback,152,2014,1994,,2022/04/06,to-read,to-read (#96),to-read,,,,0,0
43306206,"The Courage to Be Disliked: How to Free Yourself, Change your Life and Achieve Real Happiness",Ichiro Kishimi,"Kishimi, Ichiro",Fumitake Koga,"=""""","=""""",0,3.97,Allen & Unwin,Paperback,288,2019,2013,,2022/04/06,to-read,to-read (#95),to-read,,,,0,0
60404725,The Network State: A Lecture Series In Virtual Reality,Balaji Srinivasan,"Srinivasan, Balaji",,"=""""","=""""",0,5.00,1729.com,ebook,100,2021,,,2022/03/19,to-read,to-read (#94),to-read,,,,0,0
59616405,Building a Second Brain: A Proven Method to Organize Your Digital Life and Unlock Your Creative Potential,Tiago Forte,"Forte, Tiago",Building a Second Brain,"=""1797143875""","=""9781797143873""",0,4.06,Simon  Schuster Audio,Audiobook,,2022,2022,,2022/03/14,to-read,to-read (#93),to-read,,,,0,0
21314,The Starfish and the Spider: The Unstoppable Power of Leaderless Organizations,Ori Brafman,"Brafman, Ori",Rod A. Beckstrom,"=""1591841437""","=""9781591841432""",0,3.83,Portfolio Hardcover,Hardcover,240,2006,2006,,2022/03/02,to-read,to-read (#92),to-read,,,,0,0
18652777,Disciplined Entrepreneurship: 24 Steps to a Successful Startup,Bill Aulet,"Aulet, Bill",,"=""""","=""""",0,4.28,Wiley,Kindle Edition,406,2013,2013,,2022/02/13,to-read,to-read (#91),to-read,,,,0,0
36442813,The Order of Time,Carlo Rovelli,"Rovelli, Carlo",,"=""073521610X""","=""9780735216105""",0,4.12,Riverhead Books,Hardcover,224,2018,2017,,2022/02/06,to-read,to-read (#90),to-read,,,,0,0
23425,Status Anxiety,Alain de Botton,"Botton, Alain de",,"=""0375725350""","=""9780375725357""",0,3.89,Vintage,Paperback,306,2005,2004,,2022/02/02,to-read,to-read (#89),to-read,,,,0,0
20787425,Reinventing Organizations: A Guide to Creating Organizations Inspired by the Next Stage of Human Consciousness,Frederic Laloux,"Laloux, Frederic",Ken Wilber,"=""2960133528""","=""9782960133523""",0,4.21,Nelson Parker,Kindle Edition,382,2014,2014,,2022/01/03,to-read,to-read (#88),to-read,,,,0,0
36680837,Meditations,Marcus Aurelius,"Aurelius, Marcus",Gregory Hays,"=""""","=""""",5,4.28,Modern Library,Kindle Edition,256,2002,180,2022/01/03,2017/04/10,,,read,,,,1,0
55711592,High Conflict: Why We Get Trapped and How We Get Out,Amanda Ripley,"Ripley, Amanda",,"=""1982128569""","=""9781982128562""",0,4.27,Simon & Schuster,Hardcover,368,2021,2021,,2021/12/28,to-read,to-read (#86),to-read,,,,0,0
42291479,The Extended Mind: The Power of Thinking Outside the Brain,Annie Murphy Paul,"Paul, Annie Murphy",,"=""0544947584""","=""9780544947580""",0,4.04,Mariner Books,Kindle Edition,352,2021,2021,,2021/12/28,to-read,to-read (#85),to-read,,,,0,0
52962238,Principles for Dealing with the Changing World Order: Why Nations Succeed and Fail,Ray Dalio,"Dalio, Ray",,"=""1982160276""","=""9781982160272""",0,4.28,Avid Reader Press / Simon & Schuster,Hardcover,576,2021,2021,,2021/12/28,to-read,to-read (#84),to-read,,,,0,0
52382055,The Strangest Secret (An Official Nightingale Conant Publication),Earl Nightingale,"Nightingale, Earl",,"=""1640951075""","=""9781640951075""",0,4.43,Sound Wisdom,Kindle Edition,112,2019,1956,,2021/06/22,to-read,to-read (#77),to-read,,,,0,0
113934,The Goal: A Process of Ongoing Improvement,Eliyahu M. Goldratt,"Goldratt, Eliyahu M.",Jeff Cox,"=""0884271781""","=""9780884271789""",0,4.08,North River Press,Paperback,384,2004,1984,,2021/11/18,to-read,to-read (#83),to-read,,,,0,0
43723901,Lifespan: Why We Age―and Why We Don't Have To,David A. Sinclair,"Sinclair, David A.",,"=""1501191977""","=""9781501191978""",0,4.15,Atria Books,Hardcover,432,2019,2019,,2021/10/06,to-read,to-read (#82),to-read,,,,0,0
51942513,Think Like a Monk: Train Your Mind for Peace and Purpose Every Day,Jay Shetty,"Shetty, Jay",,"=""1982134488""","=""9781982134488""",0,4.20,Simon & Schuster,Hardcover,328,2020,2020,,2021/09/05,to-read,to-read (#81),to-read,,,,0,0
25111341,The Industries of the Future,Alec J. Ross,"Ross, Alec J.",,"=""1476753652""","=""9781476753652""",0,3.97,Simon & Schuster,Hardcover,320,2016,2016,,2021/09/02,to-read,to-read (#80),to-read,,,,0,0
52838315,Greenlights,Matthew McConaughey,"McConaughey, Matthew",,"=""0593139135""","=""9780593139134""",5,4.21,Crown,Hardcover,289,2020,2020,,2021/08/29,,,read,,,,1,0
50705179,Numbers Don't Lie: 71 Things You Need to Know About the World,Vaclav Smil,"Smil, Vaclav",,"=""0241454417""","=""9780241454411""",0,3.84,Viking,Hardcover,384,2020,2020,,2021/08/04,to-read,to-read (#79),to-read,,,,0,0
40121378,Atomic Habits: An Easy & Proven Way to Build Good Habits & Break Bad Ones,James Clear,"Clear, James",,"=""""","=""""",5,4.34,Avery,Kindle Edition,319,2018,2018,2021/06/29,2019/07/23,,,read,,,,1,0
41215667,Building A Story Brand,Donald Miller,"Miller, Donald",,"=""""","=""""",0,4.27,,,,,2017,,2021/06/22,to-read,to-read (#78),to-read,,,,0,0
55361205,A Promised Land,Barack Obama,"Obama, Barack",,"=""1524763187""","=""9781524763183""",0,4.33,Crown,ebook,768,2020,2020,,2021/06/15,to-read,to-read (#75),to-read,,,,0,0
8549192,Traction,Gino Wickman,"Wickman, Gino",,"=""""","=""""",0,4.13,"Smashwords, Inc.",Nook,0,2010,2007,,2021/06/15,to-read,to-read (#74),to-read,,,,0,0
55297149,"Working Backwards: Insights, Stories, and Secrets from Inside Amazon",Colin Bryar,"Bryar, Colin",Bill Carr,"=""1250267609""","=""9781250267603""",4,4.22,St. Martin's Press,Kindle Edition,304,2021,2021,2021/06/14,2021/04/17,,,read,,,,1,0
126274,Understanding Media: The Extensions of Man,Marshall McLuhan,"McLuhan, Marshall",Lewis H. Lapham,"=""0262631598""","=""9780262631594""",0,4.10,The MIT Press,Paperback,389,1994,1964,,2021/05/31,to-read,to-read (#73),to-read,,,,0,0
61666,Contact,Carl Sagan,"Sagan, Carl",,"=""2266079999""","=""9782266079990""",0,4.15,Pocket,Mass Market Paperback,580,1997,1985,,2021/05/31,to-read,to-read (#72),to-read,,,,0,0
20518872,"The Three-Body Problem (Remembrance of Earth’s Past, #1)",Liu Cixin,"Cixin, Liu",Ken Liu,"=""""","=""""",0,4.08,Tor Books,Hardcover,472,2014,2006,,2021/05/31,to-read,to-read (#71),to-read,,,,0,0
23164946,The Surrender Experiment: My Journey into Life's Perfection,Michael A. Singer,"Singer, Michael A.",,"=""080414110X""","=""9780804141109""",0,4.08,Harmony,Paperback,252,2015,2015,,2021/05/11,to-read,to-read (#70),to-read,,,,0,0
50917885,Data Action: Using Data for Public Good,Sarah Williams,"Williams, Sarah",,"=""0262044196""","=""9780262044196""",0,4.15,The MIT Press,Hardcover,312,2020,,,2021/05/02,to-read,to-read (#69),to-read,,,,0,0
37880811,Make Time: How to Focus on What Matters Every Day,Jake Knapp,"Knapp, Jake",John Zeratsky,"=""0525572422""","=""9780525572428""",0,4.08,Crown Currency,Hardcover,287,2018,2018,,2021/05/02,to-read,to-read (#68),to-read,,,,0,0
23692271,Sapiens: A Brief History of Humankind,Yuval Noah Harari,"Harari, Yuval Noah",,"=""""","=""""",4,4.35,Vintage,Paperback,512,2015,2011,2021/05/02,2018/06/04,,,read,,,,1,0
1633,Getting Things Done: The Art of Stress-Free Productivity,David    Allen,"Allen, David",,"=""0142000280""","=""9780142000281""",0,4.01,Penguin Books,Paperback,267,2002,2001,,2021/04/27,to-read,to-read (#67),to-read,,,,0,0
641601,Ogilvy on Advertising,David Ogilvy,"Ogilvy, David",,"=""039472903X""","=""9780394729039""",0,4.15,Vintage,Paperback,224,1985,1983,,2021/04/25,to-read,to-read (#66),to-read,,,,0,0
55305389,Think Again: The Power of Knowing What You Don't Know,Adam M. Grant,"Grant, Adam M.",,"=""1984878115""","=""9781984878113""",5,4.15,Viking,ebook,319,2021,2021,2021/04/19,2020/10/08,,,read,,,,1,0
41881472,The Psychology of Money,Morgan Housel,"Housel, Morgan",,"=""0857197681""","=""9780857197689""",3,4.30,Harriman House,Paperback,252,2020,2020,2021/04/11,2021/03/07,,,read,,,,1,0
35580095,"Driven: Understanding and Harnessing the Genetic Gifts Shared by Entrepreneurs, Navy SEALs, Pro Athletes, and Maybe YOU",Douglas Brackmann,"Brackmann, Douglas",Randy Kelley,"=""1619616947""","=""9781619616943""",0,4.16,Lioncrest Publishing,Kindle Edition,247,2017,,,2021/03/25,to-read,to-read (#65),to-read,,,,0,0
28815,Influence: The Psychology of Persuasion,Robert B. Cialdini,"Cialdini, Robert B.",,"=""006124189X""","=""9780061241895""",0,4.22,Harper Business,Paperback,320,2006,1984,,2021/02/21,to-read,to-read (#64),to-read,,,,0,0
944652,Poor Charlie's Almanack: The Wit and Wisdom of Charles T. Munger,Charles T. Munger,"Munger, Charles T.",Peter E. Kaufman,"=""157864366X""","=""9781578643660""",0,4.42,Donning Co Pub,Hardcover,512,2006,2005,,2021/02/20,to-read,to-read (#63),to-read,,,,0,0
54898389,The Almanack of Naval Ravikant: A Guide to Wealth and Happiness,Eric Jorgenson,"Jorgenson, Eric",,"=""""","=""9781544514208""",4,4.44,Magrathea Publishing,Kindle Edition,244,2020,2020,2021/02/20,2020/10/10,,,read,,,,1,0
31823677,"Tools of Titans: The Tactics, Routines, and Habits of Billionaires, Icons, and World-Class Performers",Timothy Ferriss,"Ferriss, Timothy",Arnold Schwarzenegger,"=""""","=""""",0,4.10,Houghton Mifflin Harcourt,Kindle Edition,827,2016,2016,,2021/02/14,to-read,to-read (#62),to-read,,,,0,0
49099937,No Rules Rules: Netflix and the Culture of Reinvention,Reed Hastings,"Hastings, Reed",Erin Meyer,"=""0593152387""","=""9780593152386""",0,4.28,Random House Large Print,Paperback,464,2020,2020,,2021/02/09,to-read,to-read (#61),to-read,,,,0,0
18077875,Essentialism: The Disciplined Pursuit of Less,Greg McKeown,"McKeown, Greg",,"=""0804137382""","=""9780804137386""",0,4.06,Crown Currency,Hardcover,260,2014,2011,,2021/02/09,to-read,to-read (#60),to-read,,,,0,0
18290401,Show Your Work!: 10 Ways to Share Your Creativity and Get Discovered,Austin Kleon,"Kleon, Austin",,"=""076117897X""","=""9780761178972""",0,4.12,Workman Publishing Company,Paperback,215,2014,2014,,2021/02/05,to-read,to-read (#59),to-read,,,,0,0
34272565,Life 3.0: Being Human in the Age of Artificial Intelligence,Max Tegmark,"Tegmark, Max",Rob Shapiro,"=""0451485076""","=""9780451485076""",0,4.01,Random House Audio Publishing Group,Audio CD,384,2017,2017,,2021/02/04,to-read,to-read (#58),to-read,,,,0,0
97412,On the Shortness of Life: Life Is Long if You Know How to Use It (Penguin Great Ideas),Seneca,"Seneca, Seneca",C.D.N. Costa,"=""0143036327""","=""9780143036326""",0,4.18,Penguin Books,Paperback,106,2005,49,,2021/01/18,to-read,to-read (#57),to-read,,,,0,0
324750,High Output Management,Andrew S. Grove,"Grove, Andrew S.",,"=""0679762884""","=""9780679762881""",0,4.31,Vintage,Paperback,272,1995,1983,,2021/01/10,to-read,to-read (#56),to-read,,,,0,0
28951428,Radical Focus : Achieving Your Most Important Goals with Objectives and Key Results ( OKRs ),Christina Wodtke,"Wodtke, Christina",,"=""""","=""""",4,3.97,,Kindle Edition,147,2016,2016,2021/01/09,2020/12/27,,,read,,,,1,0
38657386,Leadership: In Turbulent Times,Doris Kearns Goodwin,"Goodwin, Doris Kearns",,"=""""","=""""",0,4.40,Simon & Schuster,Hardcover,473,2018,2018,,2021/01/03,to-read,to-read (#55),to-read,,,,0,0
34452,"Many Lives, Many Masters: The True Story of a Prominent Psychiatrist, His Young Patient, and the Past Life Therapy That Changed Both Their Lives",Brian L. Weiss,"Weiss, Brian L.",,"=""0446520594""","=""9780446520591""",0,4.17,Grand Central Publishing,Hardcover,224,1996,1988,,2021/01/02,to-read,to-read (#54),to-read,,,,0,0
1220421,Competing by Design: The Power of Organizational Architecture,David A. Nadler,"Nadler, David A.",,"=""0195099176""","=""9780195099171""",0,3.86,Oxford University Press,Hardcover,256,1997,1997,,2020/12/17,to-read,to-read (#53),to-read,,,,0,0
222096,Organizational Culture and Leadership,Edgar H. Schein,"Schein, Edgar H.",,"=""0787975974""","=""9780787975975""",0,4.08,Jossey-Bass Inc Pub,Paperback,437,2004,1985,,2020/12/17,to-read,to-read (#52),to-read,,,,0,0
198363,Managing With Power: Politics and Influence in Organizations,Jeffrey Pfeffer,"Pfeffer, Jeffrey",,"=""0875844405""","=""9780875844404""",0,3.93,Harvard Business Review Press,Paperback,400,1993,1992,,2020/12/17,to-read,to-read (#51),to-read,,,,0,0
49814228,"The Biggest Bluff: How I Learned to Pay Attention, Master Myself, and Win",Maria Konnikova,"Konnikova, Maria",,"=""052552262X""","=""9780525522621""",0,4.07,Penguin Press,Hardcover,368,2020,2020,,2020/11/23,to-read,to-read (#50),to-read,,,,0,0
27213329,Grit: The Power of Passion and Perseverance,Angela Duckworth,"Duckworth, Angela",,"=""1443442313""","=""9781443442312""",0,4.08,Collins,Hardcover,277,2016,2016,,2020/11/23,to-read,to-read (#49),to-read,,,,0,0
32452040,Ages of Discord,Peter Turchin,"Turchin, Peter",,"=""0996139540""","=""9780996139540""",0,4.11,Beresta Books,Paperback,274,2016,2016,,2020/11/13,to-read,to-read (#48),to-read,,,,0,0
22155,Let My People Go Surfing: The Education of a Reluctant Businessman,Yvon Chouinard,"Chouinard, Yvon",,"=""0143037838""","=""9780143037835""",0,4.19,Penguin Books,Paperback,272,2006,2006,,2020/10/17,to-read,to-read (#47),to-read,,,,0,0
55291921,"The Leader's Brain: Enhance Your Leadership, Build Stronger Teams, Make Better Decisions, and Inspire Greater Innovation with Neuroscience",Michael L. Platt,"Platt, Michael L.",,"=""1613630980""","=""9781613630983""",0,3.86, Wharton School Press,Kindle Edition,150,2020,,,2020/10/16,to-read,to-read (#46),to-read,,,,0,0
25789,The Book of Five Rings,Miyamoto Musashi,"Musashi, Miyamoto",Thomas Cleary,"=""1590302486""","=""9781590302484""",0,3.96,Shambhala Pubns,Paperback,166,2005,1645,,2020/10/01,to-read,to-read (#45),to-read,,,,0,0
5771014,"The Talent Code: Unlocking the Secret of Skill in Sports, Art, Music, Math, and Just About Everything Else",Daniel Coyle,"Coyle, Daniel",John Farrell,"=""1598878735""","=""9781598878738""",0,4.04,HighBridge Company,Audio CD,288,2009,2009,,2020/10/01,to-read,to-read (#44),to-read,,,,0,0
708531,Dinosaurs: A Very Short Introduction,David Norman,"Norman, David",,"=""0192804197""","=""9780192804198""",0,3.71,"Oxford University Press, USA",Paperback,192,2005,2005,,2020/09/27,to-read,to-read (#43),to-read,,,,0,0
44793413,"HBR's 10 Must Reads 2020: The Definitive Management Ideas of the Year from Harvard Business Review (with bonus article ""How CEOs Manage Time"" by Michael E. Porter and Nitin Nohria)",Harvard Business Review,"Review, Harvard Business","Michael E. Porter, Nitin Nohria, Katrina Lake, Paul R. Daugherty","=""1633698122""","=""9781633698123""",0,3.87,Harvard Business Review Press,Paperback,224,2019,2019,,2020/09/27,to-read,to-read (#42),to-read,,,,0,0
51152447,Caste: The Origins of Our Discontents,Isabel Wilkerson,"Wilkerson, Isabel",,"=""0593230256""","=""9780593230251""",0,4.53,Random House,Hardcover,544,2020,2020,,2020/09/27,to-read,to-read (#41),to-read,,,,0,0
7056263,Data-Driven Marketing: The 15 Metrics Everyone in Marketing Should Know,Mark Jeffery,"Jeffery, Mark",,"=""0470504544""","=""9780470504543""",0,3.90,Wiley,Hardcover,320,2010,2010,,2020/09/16,to-read,to-read (#40),to-read,,,,0,0
42270550,A Newborn Business: Esports,Zoltan Andrejkovics,"Andrejkovics, Zoltan",,"=""1723831050""","=""9781723831058""",0,4.26,Independently published,Paperback,101,2018,,,2020/09/13,to-read,to-read (#39),to-read,,,,0,0
31934424,My First Coach: Inspiring Stories of NFL Quarterbacks and Their Dads,Gary Myers,"Myers, Gary",,"=""1455598461""","=""9781455598465""",0,3.69,Grand Central Publishing,Hardcover,288,2017,,,2020/09/13,to-read,to-read (#38),to-read,,,,0,0
9278897,"The 4-Hour Work Week: Escape the 9-5, Live Anywhere and Join the New Rich",Timothy Ferriss,"Ferriss, Timothy",,"=""0091929113""","=""9780091929114""",0,3.92,Vermilion,Paperback,396,2011,2007,,2020/09/12,to-read,to-read (#37),to-read,,,,0,0
305860,Philosophy as a Way of Life: Spiritual Exercises from Socrates to Foucault,Pierre Hadot,"Hadot, Pierre",,"=""0631180338""","=""9780631180333""",0,4.32,Wiley-Blackwell,Paperback,320,1995,1981,,2020/08/23,to-read,to-read (#36),to-read,,,,0,0
97411,Letters from a Stoic,Seneca,"Seneca, Seneca",,"=""0140442103""","=""9780140442106""",0,4.34,Penguin Books,Paperback,254,2004,65,,2020/08/23,to-read,to-read (#35),to-read,,,,0,0
52674641,"Unacceptable: Privilege, Deceit & the Making of the College Admissions Scandal",Melissa Korn,"Korn, Melissa",Jennifer Levitz,"=""0593087720""","=""9780593087725""",0,3.94,Portfolio,Hardcover,384,2020,2020,,2020/08/16,to-read,to-read (#34),to-read,,,,0,0
18077903,"Creativity, Inc.: Overcoming the Unseen Forces That Stand in the Way of True Inspiration",Ed Catmull,"Catmull, Ed",Amy    Wallace,"=""0812993012""","=""9780812993011""",0,4.22,Random House,Hardcover,368,2014,2014,,2020/07/22,to-read,to-read (#33),to-read,,,,0,0
38315,Fooled by Randomness: The Hidden Role of Chance in Life and in the Markets (Incerto),Nassim Nicholas Taleb,"Taleb, Nassim Nicholas",,"=""0812975219""","=""9780812975215""",4,4.08,Random House Trade Paperbacks,Paperback,368,2005,2001,2020/07/21,2020/05/28,,,read,,,,1,0
53814358,Step Back: Bringing the Art of Reflection into Your Busy Life,Joseph L. Badaracco,"Badaracco, Joseph L.",,"=""1633698742""","=""9781633698741""",0,3.56,Harvard Business Review Press,Hardcover,176,2020,2020,,2020/07/14,to-read,to-read (#32),to-read,,,,0,0
90619,"Little, Big",John Crowley,"Crowley, John",,"=""0061120057""","=""9780061120053""",0,3.81,Harper Collins Publishers,Paperback,538,2006,1981,,2020/06/14,to-read,to-read (#31),to-read,,,,0,0
44525305,The Ride of a Lifetime: Lessons Learned from 15 Years as CEO of the Walt Disney Company,Robert Iger,"Iger, Robert",Joel Lovell,"=""""","=""""",5,4.41,Random House,Hardcover,272,2019,2019,2020/05/30,2020/05/19,,,read,,,,1,0
13586925,The Success Equation,Michael J. Mauboussin,"Mauboussin, Michael J.",,"=""1422184234""","=""9781422184233""",0,3.95,Harvard Business Review Press,Hardcover,320,2012,2012,,2020/05/28,to-read,to-read (#30),to-read,,,,0,0
45485081,The Logic Of Sports Betting,Ed Miller,"Miller, Ed",Matthew Davidow,"=""""","=""""",0,3.96,,Kindle Edition,239,2019,,,2020/05/28,to-read,to-read (#29),to-read,,,,0,0
26156469,Never Split the Difference: Negotiating As If Your Life Depended On It,Chris Voss,"Voss, Chris",Tahl Raz,"=""0062407805""","=""9780062407801""",0,4.36,Harper Business,Hardcover,274,2016,2016,,2020/05/12,to-read,to-read (#28),to-read,,,,0,0
40745,Mindset: The New Psychology of Success,Carol S. Dweck,"Dweck, Carol S.",,"=""""","=""""",0,4.10,Random House,Hardcover,276,2006,2006,,2020/05/12,to-read,to-read (#27),to-read,,,,0,0
13523061,The Defining Decade: Why Your Twenties Matter - And How to Make the Most of Them Now,Meg Jay,"Jay, Meg",,"=""0446575062""","=""9780446575065""",0,4.11,Twelve,Kindle Edition,241,2012,2012,,2020/05/12,to-read,to-read (#26),to-read,,,,0,0
37424706,The Art of Gathering: How We Meet and Why It Matters,Priya Parker,"Parker, Priya",,"=""1594634920""","=""9781594634925""",0,3.97,Riverhead Books,Hardcover,304,2018,2018,,2020/05/12,to-read,to-read (#25),to-read,,,,0,0
40796147,How To Raise Successful People: Simple Lessons for Radical Results,Esther Wojcicki,"Wojcicki, Esther",Естер Войчицькі,"=""1328974863""","=""9781328974860""",0,3.92,Mariner Books,Hardcover,336,2019,2019,,2020/05/12,to-read,to-read (#24),to-read,,,,0,0
25744928,Deep Work: Rules for Focused Success in a Distracted World,Cal Newport,"Newport, Cal",,"=""1455586692""","=""9781455586691""",0,4.18,Grand Central Publishing,Hardcover,296,2016,2016,,2020/05/12,to-read,to-read (#23),to-read,,,,0,0
32938155,"Option B: Facing Adversity, Building Resilience, and Finding Joy",Sheryl Sandberg,"Sandberg, Sheryl",Adam M. Grant,"=""0753548283""","=""9780753548288""",0,3.85,Penguin Export Editions,Paperback,240,2017,2017,,2020/05/12,to-read,to-read (#22),to-read,,,,0,0
316781,Exploring the World of Lucid Dreaming,Stephen LaBerge,"LaBerge, Stephen",Howard Rheingold,"=""034537410X""","=""9780345374103""",0,4.22,Ballantine Books,Mass Market Paperback,335,1991,1989,,2020/05/10,to-read,to-read (#21),to-read,,,,0,0
40947505,"Direct Truth: Uncompromising, non-prescriptive Truths to the enduring questions of life",Kapil Gupta,"Gupta, Kapil",,"=""""","=""""",0,4.40,,Kindle Edition,154,2018,,,2020/05/09,to-read,to-read (#20),to-read,,,,0,0
44512537,Growth: From Microorganisms to Megacities (Mit Press),Vaclav Smil,"Smil, Vaclav",,"=""0262042835""","=""9780262042833""",0,3.86,The MIT Press,Hardcover,664,2019,2019,,2020/04/15,to-read,to-read (#19),to-read,,,,0,0
4191136,Business adventures,John Brooks,"Brooks, John",,"=""0575003499""","=""9780575003491""",0,3.81,Littlehampton Book Services Ltd,Hardcover,408,1969,1969,,2020/04/15,to-read,to-read (#18),to-read,,,,0,0
36204285,Origin Story: A Big History of Everything,David Christian,"Christian, David",,"=""0316392006""","=""9780316392006""",0,4.06,"Little, Brown Spark",Hardcover,357,2018,2008,,2020/04/15,to-read,to-read (#17),to-read,,,,0,0
34890015,Factfulness: Ten Reasons We're Wrong About the World – and Why Things Are Better Than You Think,Hans Rosling,"Rosling, Hans","Ola Rosling, Anna Rosling Rönnlund","=""1473637465""","=""9781473637467""",0,4.36,Sceptre,Hardcover,342,2018,2018,,2020/04/15,to-read,to-read (#16),to-read,,,,0,0
11107244,The Better Angels of Our Nature: Why Violence Has Declined,Steven Pinker,"Pinker, Steven",,"=""0670022950""","=""9780670022953""",0,4.16,Viking,Hardcover,802,2011,2010,,2020/04/15,to-read,to-read (#15),to-read,,,,0,0
38242135,"AI Superpowers: China, Silicon Valley, and the New World Order",Kai-Fu Lee,"Lee, Kai-Fu",,"=""132854639X""","=""9781328546395""",4,4.10,Harper Business,Hardcover,255,2018,2018,2019/04/01,2018/12/16,,,read,,,,1,0
13,"The Ultimate Hitchhiker’s Guide to the Galaxy (Hitchhiker's Guide to the Galaxy, #1-5)",Douglas Adams,"Adams, Douglas",,"=""0345453743""","=""9780345453747""",4,4.38,Del Rey Books,Paperback,815,2002,1996,2014/06/01,2014/05/23,,,read,,,,1,0
17271697,What It Takes: Seven Secrets of Success from the World's Greatest Professional Firms,Charles D. Ellis,"Ellis, Charles D.",,"=""1118653653""","=""9781118653654""",3,3.62,Wiley,Kindle Edition,304,2013,2013,2018/07/01,2018/06/04,,,read,,,,1,0
18718599,Daniel on McKinsey,Ron Daniel,"Daniel, Ron",,"=""""","=""""",4,4.65,,ebook,162,2013,2013,2018/07/01,2018/06/14,,,read,,,,1,0
41795733,Range: Why Generalists Triumph in a Specialized World,David   Epstein,"Epstein, David",,"=""0735214484""","=""9780735214484""",5,4.14,Riverhead Books,Hardcover,352,2019,2019,2020/04/04,2020/01/18,,,read,,,,1,0
43889703,The Man Who Solved the Market: How Jim Simons Launched the Quant Revolution,Gregory Zuckerman,"Zuckerman, Gregory",,"=""0241309727""","=""9780241309728""",0,4.04,Portfolio Penguin,Paperback,359,2019,2019,,2020/03/30,to-read,to-read (#14),to-read,,,,0,0
26240779,How to Listen to Jazz,Ted Gioia,"Gioia, Ted",,"=""0465060897""","=""9780465060894""",0,4.07,Basic Books,Hardcover,272,2016,2016,,2020/03/01,to-read,to-read (#13),to-read,,,,0,0
4948826,Sum: Forty Tales from the Afterlives,David Eagleman,"Eagleman, David",,"=""0307377342""","=""9780307377340""",0,4.12,Pantheon,Hardcover,110,2009,2009,,2020/02/08,to-read,to-read (#12),to-read,,,,0,0
43848929,Talking to Strangers: What We Should Know About the People We Don't Know,Malcolm Gladwell,"Gladwell, Malcolm",,"=""0316478520""","=""9780316478526""",4,4.00,"Little, Brown and Company",Hardcover,388,2019,2019,2019/10/18,2019/09/24,,,read,,,,1,0
26245038,"The Seventh Sense: Power, Fortune, and Survival in the Age of Networks",Joshua Cooper Ramo,"Ramo, Joshua Cooper",,"=""0316285064""","=""9780316285063""",3,3.70,"Little, Brown and Company",Hardcover,352,2016,2016,2019/07/13,2017/04/10,,,read,,,,1,0
11468377,"Thinking, Fast and Slow",Daniel Kahneman,"Kahneman, Daniel",,"=""0374275637""","=""9780374275631""",0,4.18,"Farrar, Straus and Giroux",Hardcover,499,2011,2011,,2019/07/13,to-read,to-read (#11),to-read,,,,0,0
34466963,Why We Sleep: Unlocking the Power of Sleep and Dreams,Matthew Walker,"Walker, Matthew",,"=""""","=""""",0,4.38,Scribner,Hardcover,368,2017,2017,,2018/12/16,to-read,to-read (#10),to-read,,,,0,0
12419,A Calendar of Wisdom: Daily Thoughts to Nourish the Soul,Leo Tolstoy,"Tolstoy, Leo",Peter Sekirin,"=""""","=""""",0,3.98,Scribner,Hardcover,384,1997,1906,,2018/12/16,to-read,to-read (#9),to-read,,,,0,0
334735,Complete Plain Words,Ernest A. Gowers,"Gowers, Ernest A.","Sidney Greenbaum, Janet Whitcut","=""0140511997""","=""9780140511994""",0,4.06,Penguin UK,Paperback,,2004,1954,,2018/07/02,to-read,to-read (#8),to-read,,,,0,0
33514,The Elements of Style,William Strunk Jr.,"Jr., William Strunk",E.B. White,"=""""","=""""",0,4.18,Allyn & Bacon,Hardcover,105,1999,1918,,2018/07/02,to-read,to-read (#7),to-read,,,,0,0
31138556,Homo Deus: A History of Tomorrow,Yuval Noah Harari,"Harari, Yuval Noah",,"=""""","=""""",0,4.20,Harper,Kindle Edition,450,2017,2015,,2018/06/14,to-read,to-read (#6),to-read,,,,0,0
35696171,"Enlightenment Now: The Case for Reason, Science, Humanism, and Progress",Steven Pinker,"Pinker, Steven",,"=""0525427570""","=""9780525427575""",0,4.20,Viking,Hardcover,576,2018,2018,,2018/02/01,to-read,to-read (#5),to-read,,,,0,0
8520610,Quiet: The Power of Introverts in a World That Can't Stop Talking,Susan Cain,"Cain, Susan",,"=""0307352145""","=""9780307352149""",0,4.08,"Crown Publishing Group/Random House, Inc.",Hardcover,333,2012,2012,,2018/01/21,to-read,to-read (#4),to-read,,,,0,0
82256,The Sovereign Individual: Mastering the Transition to the Information Age,James Dale Davidson,"Davidson, James Dale",William Rees-Mogg,"=""0684832720""","=""9780684832722""",0,4.19,Touchstone,Paperback,448,1999,1997,,2017/08/15,to-read,to-read (#3),to-read,,,,0,0
3250347,The Happiness Trap: How to Stop Struggling and Start Living: A Guide to ACT,Russ Harris,"Harris, Russ",Steven C. Hayes,"=""1590305841""","=""9781590305843""",0,4.13,Trumpeter,Paperback,240,2008,2007,,2017/08/15,to-read,to-read (#2),to-read,,,,0,0
22543491,Proteinaholic: How Our Obsession with Meat Is Killing Us and What We Can Do About It,Garth Davis,"Davis, Garth",,"=""0062279300""","=""9780062279309""",0,4.29,HarperOne,Hardcover,400,2015,2015,,2017/05/06,to-read,to-read (#1),to-read,,,,0,0
